voxel,best_pca_text,best_pca_audio,score
"(5, 32, 36)",0.5,0.5,0.41889737949693073
"(5, 33, 36)",0.5,0.5,0.41587168885312187
"(5, 33, 37)",0.5,0.5,0.40182520453479464
"(5, 34, 37)",0.5,0.5,0.40716491439343844
"(5, 34, 38)",0.5,0.5,0.41573871139457746
"(6, 31, 36)",0.5,0.5,0.4058727783702931
"(6, 31, 37)",0.5,0.5,0.40359228646383505
"(6, 31, 43)",0.5,0.5,0.41193151619428015
"(6, 31, 44)",0.5,0.5,0.4113538106394522
"(6, 31, 45)",0.5,0.5,0.4056794992570355
